SKU,Stock
ONVS-RN-S,0
ONVS-RN-M,0
ONVS-RN-L,0
ONVS-RN-21S606-S,0
ONVS-RN-21S606-M,6
ONVS-RN-21S605-S,68
 ONVS-RN-21S606-A,10
ONVS-RN-21S606-A,10
ONVS-RN-21S606-A,10
ONVS-RN-21S606-A,10
ONVS-RN-21S606-A,10
 ONVS-RN-21S606-A,10
 ONVS-RN-21S606-A,10
ONVS-RN-21S606-A,10
ONVS-RN-21S606-A,10
ONVS-RN-21S606-A,10
ONVS-RN-21S606-A,10
 ONVS-RN-21S606-A,10
 ONVS-RN-21S606-A,10
ONVS-RN-21S606-A,10
ONVS-RN-21S606-A,10
ONVS-RN-21S606-A,10
ONVS-RN-21S606-A,10
 ONVS-RN-21S606-A,10
 ONVS-RN-21S606-A,10
ONVS-RN-21S606-A,10
ONVS-RN-21S606-A,10
ONVS-RN-21S606-A,10
ONVS-RN-21S606-A,10
 ONVS-RN-21S606-A,10
 ONVS-RN-21S606-A,10
ONVS-RN-21S606-A,9
ONVS-RN-21S606-A,10
ONVS-RN-21S606-A,10
ONVS-RN-21S606-A,10
 ONVS-RN-21S606-A,10
 ONVS-RN-21S606-A,10
ONVS-RN-21S606-A,10
ONVS-RN-21S606-A,10
ONVS-RN-21S606-A,10
ONVS-RN-21S606-A,10
 ONVS-RN-21S606-A,10
 ONVS-RN-21S606-A,10
ONVS-RN-21S606-A,10
ONVS-RN-21S606-A,10
ONVS-RN-21S606-A,10
ONVS-RN-21S606-A,10
 ONVS-RN-21S606-A,10
 ONVS-RN-21S606-A,10
ONVS-RN-21S606-A,10
ONVS-RN-21S606-A,10
ONVS-RN-21S606-A,10
ONVS-RN-21S606-A,10
 ONVS-RN-21S606-A,10
 ONVS-RN-21S606-A,10
ONVS-RN-21S606-A,10
ONVS-RN-21S606-A,10
ONVS-RN-21S606-A,10
ONVS-RN-21S606-A,10
 ONVS-RN-21S606-A,10
 ONVS-RN-21S606-A,10
ONVS-RN-21S606-A,10
ONVS-RN-21S606-A,10
ONVS-RN-21S606-A,10
ONVS-RN-21S606-A,10
 ONVS-RN-21S606-A,10
 ONVS-RN-21S606-A,10
ONVS-RN-21S606-A,10
ONVS-RN-21S606-A,10
ONVS-RN-21S606-A,10
ONVS-RN-21S606-A,10
 ONVS-RN-21S606-A,10
 ONVS-RN-21S606-A,10
ONVS-RN-21S606-A,10
ONVS-RN-21S606-A,10
ONVS-RN-21S606-A,10
ONVS-RN-21S606-A,10
 ONVS-RN-21S606-A,10
 ONVS-RN-21S606-A,10
ONVS-RN-21S606-A,10
ONVS-RN-21S606-A,10
ONVS-RN-21S606-A,10
ONVS-RN-21S606-A,10
 ONVS-RN-21S606-A,10
 ONVS-RN-21S606-A,10
ONVS-RN-21S606-A,10
ONVS-RN-21S606-A,10
ONVS-RN-21S606-A,10
ONVS-RN-21S606-A,10
 ONVS-RN-21S606-A,10
 ONVS-RN-21S606-A,10
ONVS-RN-21S606-A,10
ONVS-RN-21S606-A,10
ONVS-RN-21S606-A,10
ONVS-RN-21S606-A,10
 ONVS-RN-21S606-A,10
 ONVS-RN-21S606-A,10
ONVS-RN-21S606-A,10
ONVS-RN-21S606-A,10
ONVS-RN-21S606-A,10
ONVS-RN-21S606-A,10
 ONVS-RN-21S606-A,10
 ONVS-RN-21S606-A,10
ONVS-RN-21S606-A,10
ONVS-RN-21S606-A,10
ONVS-RN-21S606-A,10
ONVS-RN-21S606-A,10
 ONVS-RN-21S606-A,10
 ONVS-RN-21S606-A,10
ONVS-RN-21S606-A,10
ONVS-RN-21S606-A,10
ONVS-RN-21S606-A,10
ONVS-RN-21S606-A,10
 ONVS-RN-21S606-A,10
 ONVS-RN-21S606-A,10
ONVS-RN-21S606-A,10
ONVS-RN-21S606-A,10
ONVS-RN-21S606-A,10
ONVS-RN-21S606-A,10
 ONVS-RN-21S606-A,10
 ONVS-RN-21S606-A,10
ONVS-RN-21S606-A,10
ONVS-RN-21S606-A,10
ONVS-RN-21S606-A,10
ONVS-RN-21S606-A,10
 ONVS-RN-21S606-A,10
 ONVS-RN-21S606-A,10
ONVS-RN-21S606-A,10
ONVS-RN-21S606-A,10
ONVS-RN-21S606-A,10
ONVS-RN-21S606-A,10
 ONVS-RN-21S606-A,10
 ONVS-RN-21S606-A,10
ONVS-RN-21S606-A,10
ONVS-RN-21S606-A,10
ONVS-RN-21S606-A,10
ONVS-RN-21S606-A,10
 ONVS-RN-21S606-A,10
 ONVS-RN-21S606-A,10
ONVS-RN-21S606-A,10
ONVS-RN-21S606-A,10
ONVS-RN-21S606-A,10
ONVS-RN-21S606-A,10
 ONVS-RN-21S606-A,10
 ONVS-RN-21S606-A,10
ONVS-RN-21S606-A,10
ONVS-RN-21S606-A,10
ONVS-RN-21S606-A,10
ONVS-RN-21S606-A,10
 ONVS-RN-21S606-A,10
 ONVS-RN-21S606-A,10
ONVS-RN-21S606-A,10
ONVS-RN-21S606-A,10
ONVS-RN-21S606-A,10
ONVS-RN-21S606-A,10
 ONVS-RN-21S606-A,10
 ONVS-RN-21S606-A,10
ONVS-RN-21S606-A,10
ONVS-RN-21S606-A,10
ONVS-RN-21S606-A,10
ONVS-RN-21S606-A,10
 ONVS-RN-21S606-A,10
 ONVS-RN-21S606-A,10
ONVS-RN-21S606-A,10
ONVS-RN-21S606-A,10
ONVS-RN-21S606-A,10
ONVS-RN-21S606-A,10
 ONVS-RN-21S606-A,10
 ONVS-RN-21S606-A,10
ONVS-RN-21S606-A,10
ONVS-RN-21S606-A,10
ONVS-RN-21S606-A,10
ONVS-RN-21S606-A,10
 ONVS-RN-21S606-A,10
 ONVS-RN-21S606-A,10
ONVS-RN-21S606-A,10
ONVS-RN-21S606-A,10
ONVS-RN-21S606-A,10
ONVS-RN-21S606-A,10
 ONVS-RN-21S606-A,10
 ONVS-RN-21S606-A,10
ONVS-RN-21S606-A,10
ONVS-RN-21S606-A,10
ONVS-RN-21S606-A,10
ONVS-RN-21S606-A,10
 ONVS-RN-21S606-A,10
 ONVS-RN-21S606-A,10
ONVS-RN-21S606-A,10
ONVS-RN-21S606-A,10
ONVS-RN-21S606-A,10
ONVS-RN-21S606-A,10
 ONVS-RN-21S606-A,10
 ONVS-RN-21S606-A,10
ONVS-RN-21S606-A,10
ONVS-RN-21S606-A,10
ONVS-RN-21S606-A,10
ONVS-RN-21S606-A,10
 ONVS-RN-21S606-A,10
 ONVS-RN-21S606-A,10
ONVS-RN-21S606-A,10
ONVS-RN-21S606-A,10
ONVS-RN-21S606-A,10
ONVS-RN-21S606-A,10
 ONVS-RN-21S606-A,10
 ONVS-RN-21S606-A,10
ONVS-RN-21S606-A,10
ONVS-RN-21S606-A,10
ONVS-RN-21S606-A,10
ONVS-RN-21S606-A,10
 ONVS-RN-21S606-A,10
 ONVS-RN-21S606-A,10
ONVS-RN-21S606-A,10
ONVS-RN-21S606-A,10
ONVS-RN-21S606-A,10
ONVS-RN-21S606-A,10
 ONVS-RN-21S606-A,10
 ONVS-RN-21S606-A,10
ONVS-RN-21S606-A,10
ONVS-RN-21S606-A,10
ONVS-RN-21S606-A,10
ONVS-RN-21S606-A,10
 ONVS-RN-21S606-A,10
 ONVS-RN-21S606-A,10
ONVS-RN-21S606-A,10
ONVS-RN-21S606-A,10
ONVS-RN-21S606-A,10
ONVS-RN-21S606-A,10
 ONVS-RN-21S606-A,10
